text, LABEL
"hi! dont forget to sanitize!", RELEVANT
"where is the alien from Mars?", NON-RELEVANT
As #WorldPolioDay nears CDC recognizes the critical contributions of frontline workers to #endpolio. Along the Afghanistan and Pakistan border health-workers provide polio vaccine each month to tens of thousands of children for free.  https://t.co/5yvXb4SxTj https://t.co/NK3zQe65fF,RELEVANT
Check out this @CDCgov resource to learn about #COVID19 and the ways in which the disease affects people living with #HIV:  https://t.co/qj6ZD37ixr https://t.co/lGZBzKffMN,RELEVANT
Pre-exposure prophylaxis (PrEP) is daily medication that prevents #HIV. @CDCgov works to provide PrEP in countries with a high burden of HIV contributing to a 23% increase in global uptake this year. Check out this @HIVpxresearch PrEP Tracker for the latest information: https://t.co/0yqSJnskby,RELEVANT
#DYK? Nearly 2 billion people are infected with #tuberculosis one of the world‚Äôs deadliest infectious diseases. @CDCgov works to respond to #TB and other respiratory illness including #COVID19. Learn more: https://t.co/M1tTgsarPJ https://t.co/SZFm3HWPRW,RELEVANT
As countries work toward global #hypertension and salt reduction targets a CDC-supported intervention in Shandong China demonstrated significant decreases in salt intake and modest reductions in blood pressure. #WorldHypertensionDay https://t.co/gV0qdjpiKZ https://t.co/W8n4rOjkiM,RELEVANT
This #WorldHypertensionDay read about FETP grads who conducted CDC-supported investigations to prevent premature deaths by increasing awareness diagnosis and treatment of hypertension. #FETP40th https://t.co/Dgvre9ctpF @tephinet https://t.co/ZkMDK7YLEj,RELEVANT
Handwashing is a simple and effective way to help prevent the spread of #COVID19 and other diseases. We all have 20 seconds to spare and that‚Äôs all it takes. #GlobalHandwashingDayhttps://t.co/9Gkq9HAALL https://t.co/8BTbmCOqYi,RELEVANT
ICYMI: Dr. David Berendes a CDC #WASH expert joined the Handwashing Thursday Series to make the case for handwashing https://t.co/041RnzKPQl #GlobalHandwashingDay https://t.co/DAIb0o7zt6,RELEVANT
No matter where you are clean hands can prevent the spread of germs and help keep your community safe and healthy. Do your part. #GlobalHandwashingDay https://t.co/VoZmYj72Mg,RELEVANT
You can still register for tomorrow‚Äôs webinar! https://t.co/cywvxKmevU,RELEVANT
In September 1995 the 4th World Conference on Women was held to accelerate the implementation of women‚Äôs rights. 25 years later @CDCgov continues to address these challenges. Learn how violence affects #HIV risk among women &amp; girls globally: https://t.co/eVtgfZauOs #UNGA75 https://t.co/FnmaLSFeb9,RELEVANT
"Today the @UN General Assembly held a High-Level Meeting on ""Accelerating the Realization of Gender Equality and the Empowerment of all Women and Girls"" Learn about the work @CDCgov does in #HIV prevention and care in support of this goal: https://t.co/eVtgfZauOs #UNGA75 https://t.co/7UzaU3jhEB",RELEVANT
This is beginning now! https://t.co/Q5xukb59Zh,RELEVANT
This past weekend on Sept. 26th marked the 2nd anniversary of the @UN Political Declaration on #TB stemming from the #UNGA High-Level Meeting on TB. This declaration continues to mobilize and accelerate efforts to prevent cure and #EndTB. Learn more: https://t.co/zezYX465nD,RELEVANT
Over the weekend @CDCgov marked the 2nd Anniversary of the @UN Political Declaration on ending #TB. The first-ever High-Level Meeting by the #UNGA on Tuberculosis saw commitments by world leaders to #EndTB. Learn more: https://t.co/g91m2LyziA,RELEVANT
In a new @NEJM perspective CDC experts outline recommendations based on lessons learned from the 2018 North Kivu #Ebola outbreak. Continued capacity building is crucial to improving current and future outbreak responses. https://t.co/LDYCWhqPOF,RELEVANT
NEW RELEASE: A CDC-authored @NEJM perspective recommends that strategies to strengthen detection of new #Ebola cases in DRC be expanded to include surveillance and detection of #COVID19 cases. https://t.co/LDYCWhqPOF,RELEVANT
Congratulations to @Rotary's Dr. Tunji Funsho - #TIME100 has recognized him for his role in @WHOAFRO wild polio certification reminding us that great leaders make great accomplishments possible. Learn more about his journey to help #EndPolio hereüì∞: https://t.co/33Wfk5jQ2v,RELEVANT
New study from @CDCgov @RTI_Intl @ResolveTSL and @JohnsHopkinsSPH in @GlobalHealthBMJ shows controlling high #bloodpressure can be a cost-effective strategy for preventing premature deaths for many low- and middle-income countries. https://t.co/SiHtowugUG https://t.co/SRP5myjLNk,RELEVANT
The Field Epidemiology Training Program has trained more than 18K Disease Detectives globally. Among current trainees 85% are involved in the #COVID19 response; among FETP graduates 100% are actively engaged in the response. Learn more: https://t.co/fTNzNRkHOJ https://t.co/g5zPcmo8sv,RELEVANT
Burma (Myanmar) has been validated by @WHO for eliminating trachoma the leading infectious cause of blindness as a public health problem! Congratulations to all involved on this important milestone! @WHOSEARO #beatNTDs https://t.co/WYMA7S0VQR https://t.co/AZO4OvGX8b,RELEVANT
Daily tobacco smoking is decreasing around the world but not everywhere. New @CDCgov study in @TC_BMJ shows @FCTCofficial comprehensive tobacco control measures helped countries with higher prevalence of adult tobacco smoking to reduce daily smoking: https://t.co/bHU4wpflo7 https://t.co/NxprETawqq,RELEVANT
CDC @WHO the Thailand Ministry of Public Health (@pr_moph) &amp; the Epidemic Intelligence Service were instrumental in teaching training &amp; mentoring the #DiseaseDetectives in the first #FETP program outside of North America. Learn more: https://t.co/aiaYUpidPQ #FETP40th https://t.co/IKUyHVkFqT,RELEVANT
‚ÄúEvery country needs core public health capacities to effectively prevent detect and respond to new and re-emerging disease threats.‚Äù CDC experts discuss #globalhealth investments and the impact of #COVID19 in a new @IDSAinfo #podcast: https://t.co/fTNzNRkHOJ https://t.co/kB5bLDNhqO,RELEVANT
As public health shifts the Field Epidemiology Training Program‚Äôs curriculum also evolves. A renewed focus on zoonotic diseases interweaves animal environmental and human health. Learn more about #FETP40th and #OneHealth: https://t.co/KjLwyG4VlJ https://t.co/P7eVJ4fXco,RELEVANT
#DYK Central America Regional #FETP (CAFETP) was created to meet a growing demand of epidemiologists? It allowed for multiple entry points in the FETP model &amp; increased response efforts by training more #DiseaseDetectives.Learn more about #FETP40th: https://t.co/DJKp2mWyc1 https://t.co/EKpmzhWHRU,RELEVANT
The global community continues to do important work to prevent the spread of respiratory illness including #COVID19 and #TB. @CDCgov helps countries programs and partners to end these ongoing disease threats. Learn more: https://t.co/Z6W4GdtXXL https://t.co/JfxENvcA0C,RELEVANT
In Thailand data collection from #FETP has led directly to meaningful evidence-based policy change positively impacting prevention efforts for rubella mother-to-child HIV transmission and hepatitis B. Learn more: https://t.co/SVFBDNl0lQ #FETP40th@pr_moph https://t.co/ZK1jQDCHlK,RELEVANT
For the 40th Anniversary of #FETP we celebrate the 50+ programs worldwide &amp; the 18000+ #DiseaseDetectives who work tirelessly to solve the toughest public health challenges. View the Photo Gallery: https://t.co/vqu8Tz7Wki#FETP40th @tephinet https://t.co/DR2BVFk5v4,RELEVANT
#Vaccination is one of the most important tools to prevent illness &amp; outbreaks of contagious diseases like #measles as illustrated in these stories from survivors of preventable potentially deadly diseases. #VaccinesWork: https://t.co/v0ZOQnm7a2,RELEVANT
CDC-supported assessment published in @ANACJournal shows that nurses and midwives in Eastern and Southern Africa would like additional training opportunities in caring for women and children living with #HIV: https://t.co/JPf0hpgHmn https://t.co/wXMsKqPPfN,RELEVANT
In countries where #measles is a major threat immunization services have been disrupted by #COVID19. Postponing #vaccination could have a devastating effect on child health and mortality particularly in limited-resource countries. https://t.co/w5gqr2K8wL,RELEVANT
Recent CDC-supported assessment in @ANACJournal identified a need for additional training and mentorship for nurses and midwives delivering #HIV services for women and children in Eastern and Southern Africa: https://t.co/JPf0hpgHmn https://t.co/RCyvH2PcFB,RELEVANT
@CDCgov invests in comprehensive care and robust health systems to help protect those at increased risk from deadly illnesses like #HIV #TB and #COVID19.  Learn about CDC‚Äôs global work in #HIV and #TB here:  https://t.co/s749hjhYox https://t.co/uXUY91qQsz,RELEVANT
Somalia‚Äôs Early Warning &amp; Alert Network recently proved its value allowing health officials to quickly investigate verify &amp; respond to a #measles outbreak. This highlights the importance of global health security to detect and prevent disease outbreaks. https://t.co/xtOK9SkdeN https://t.co/4wPaWAEDDq,RELEVANT
CDC works diligently to fight respiratory illness on the frontlines including both #TB and #COVID19. Learn more about our global tuberculosis work here: https://t.co/Z6W4GdtXXL https://t.co/YejZ5DSgQx,RELEVANT
#DidYouKnow CDC‚Äôs STOP program provided more than 53760 combined deployer hours from 2019-2020 to help kick polio out of Nigeria? Learn more: https://t.co/5HwqWXGQ5l https://t.co/uzu8cXgRvS,RELEVANT
During the #COVID19 pandemic @CDCgov has consistently supported and advocated for those at increased risk including those patients fighting diseases like #HIV and #TB. Learn more about these difficult diagnoses here:  https://t.co/s749hjhYox https://t.co/5r0B2xntCJ,RELEVANT
The public health legacies of polio eradication include a vast laboratory network skilled surveillance capacity and a frontline workforce that can help quickly identify and respond to other disease threats like Ebola measles or COVID-19. https://t.co/5HwqWXGQ5l https://t.co/rg45oeeS4y,RELEVANT
From Sept 2019-March 2020 CDC deployed 108 staff to 13 countries to respond to outbreaks of circulating vaccine-derived poliovirus type 2. Read more about CDC‚Äôs polio surge https://t.co/YUelVWruS6,RELEVANT
A crucial aspect of #polio eradication is stopping the spread of circulating vaccine-derived polio. CDC global immunization and polio experts detail that critical work @IDSAinfo: https://t.co/I0TH55zkI6,RELEVANT
CDC global immunization and #polio experts detail how the increase in outbreaks of circulating vaccine-derived polio happened and the steps the global community is taking to address it @IDSAinfo https://t.co/I0TH55zkI6,RELEVANT
Congratulations to Cameroon the Central African Republic South Sudan and Nigeria the final four in @WHOAFRO to be certified free of wild poliovirus!  #endpolio https://t.co/zxdqCgMXbd https://t.co/co1q7BjgLx,RELEVANT
Congratulations to all the nations in Africa their leaders and frontline health workers for eliminating wild poliovirus from the continent! Watch @CDCDirector‚Äôs video remarks for this major achievement. https://t.co/irwYKppSVS #endpolio https://t.co/nnd2HJvQ7g,RELEVANT
CDC and partners launched the #GPEI in 1988 to free the world from #polio. Today we celebrate Africa‚Äôs incredible public health achievement and honor the many miles traveled to reach every African child with lifesaving vaccine. https://t.co/5HwqWXGQ5l https://t.co/0QlHJbIr9R,RELEVANT
TUNE IN on Aug 25 at 10AM ET/3PM GMT: At #RC70AFRO GPEI leadership including CDC Director government officials &amp; #polio survivors will speak on what it took to kick wild polio out of Africa!Watch live üëÄ here: https://t.co/wiYtRopsUu #EndPolio https://t.co/Z60SLBlI36,RELEVANT
Lymphatic filariasis affects over 120 million people in 72 countries. Like Zika dengue and malaria it‚Äôs transmitted by mosquitoes. This #WorldMosquitoDay learn more about the big impact these little insects have on global health: https://t.co/eaQsIucHtg https://t.co/8js2Isikcl,RELEVANT
There are more than 3000 types of mosquitoes‚Äînot all created equal. In recognition of World Mosquito Day 2020 we call attention to the troubling spread of one mosquito species in particular: Anopheles stephensi.https://t.co/eaQsIucHtg https://t.co/5a2VRyfCNw,RELEVANT
This #WorldMosquitoDay imagine a world without #malaria. In this video message @DrMartinCDC shares how CDC and @USAID have partnered through @PMIgov to identify the most effective tools to fight malaria. Watch for more: https://t.co/yUaNqkgwfA,RELEVANT
Support World Mosquito Day! Cover-up with long-sleeved shirts and pants and wear insect repellent when you go outside. To reduce mosquitoes around your home dump standing water out of flowerpots toys and containers. #WorldMosquitoDayhttps://t.co/PbateG0DUn https://t.co/MpDi7UxbpK,RELEVANT
MOZART is a patient-level database that is transforming the #HIV response in Mozambique amidst #COVID19. This CDC-supported system gathers patient demographics and clinical data to increase access to services and inform program initiatives. Learn more: https://t.co/lthnCkucjP,RELEVANT
#DYK? #Tuberculosis is the leading infectious disease killer in the world despite being preventable and treatable. @CDCgov continues to lead the charge against #TB and other respiratory illness like #COVID19. Learn more: https://t.co/Z6W4GdtXXL https://t.co/LtdkH1cNjj,RELEVANT
Dr. Sanodze is a graduate of the South Caucasus Office Field Epidemiology &amp; Laboratory Training Program (FELTP). She uses FELTP skills &amp; professional experience to strengthen Georgia‚Äôs public health system &amp; train new #diseasedetectives: https://t.co/BBttAFuA19 #FETP40th https://t.co/jFmBJ31Hor,RELEVANT
#DiseaseDetectives from the Public Health Fellowship Program revised the Uganda Prisons Service @PEPFAR program strategy enabling direct funding for more than 200 prisons to provide #HIV testing care and treatment services for all prisoners. https://t.co/RRVNkcTLDD #FETP40th https://t.co/h7XWsx29UL,RELEVANT
CDC working with @INSColombia found that continued developmental monitoring is critical for infants whose mothers had possible Zika infections while pregnant. Read more in @NEJM: https://t.co/Dto8CRSCoM,RELEVANT
CDC in collaboration with @INSColombia is committed to enhancing Colombia‚Äôs national disease surveillance to help prevent detect and respond to disease threats like Zika as early as possible. @NEJM  https://t.co/Dto8CRSCoM,RELEVANT
CDC study in @TheLancet examines early clusters of global #COVID19 cases &amp; finds transmission in households was common but clusters in workplace &amp; community settings tended to be larger. Wear a mask practice social distancing &amp; wash hands to slow spread. https://t.co/6HYMVH0w1E,RELEVANT
A new CDC study in @TheLancet finds that nearly two thirds of the first confirmed #COVID19 cases in each country as of mid-March had travel links to Italy China or Iran.  https://t.co/6HYMVH0w1E,RELEVANT
In 2019 9 out of 11 Southeast Asian countries had greater than 90% coverage of 3-dose hepatitis B vaccine (HepB). Countries should continue working towards reaching hepatitis B control goal to protect the most vulnerable populations. #WorldHepatitisDay https://t.co/piifHQNpZg https://t.co/P7O1uY08My,RELEVANT
In 2015 approximately 40M people in Southeast Asia lived with a hepatitis B infection which can cause severe complications like cirrhosis &amp; certain liver cancers. Read more in @CDCMMWR on the progress in vaccination coverage: https://t.co/piifHQNpZg #WorldHepatitisDay https://t.co/TD2KMdz0Vx,RELEVANT
There‚Äôs still time to register for today‚Äôs webinar on Practical Infection Prevention and Control Considerations in the Fight Against #COVID19! Today‚Äôs webinar focuses on IPC in nursing homes and long-term care settings. Starting at 8am EDT. https://t.co/rjPiKYpSHG https://t.co/ddcZT4eu1k,RELEVANT
Dr. Waziri leads the National Stop Transmission of Polio (NSTOP) program at #AFENET in Nigeria. A graduate of Nigeria FELTP learn how she uses her #DiseaseDetective training in the fight against Ebola polio and COVID-19. https://t.co/Y3vgl6TJWi#FETP40th #WomeninSTEM https://t.co/ja0wQMz45q,RELEVANT
Healthcare workers: Join @CDCgov on 7/30 Thursday at 8am EDT for the latest #COVID19 Infection and Prevention Control Global webinar series. This week‚Äôs topic is ‚ÄúIPC in nursing homes and long-term care settings.‚Äù Register here: https://t.co/rjPiKYpSHG https://t.co/0zDxdZ7dwS,RELEVANT
Pakistan #DiseaseDetectives implemented a process to screen over 325000 travelers from 1526 international flights at Islamabad Int‚Äôl Airport to control the spread of #COVID19. #FETP training is being used to help improve the COVID-19 response. https://t.co/OzYqBlstZu #FETP40th,RELEVANT
Even if countries are under restrictions due to #COVID19 people with #HIV must continue to receive their medication. Learn more about how @CDCgov helps national and global HIV programs accomplish this:https://t.co/qj6ZD37ixr https://t.co/nxqReSL4AJ,RELEVANT
In Colombia the CoronApp provides #DiseaseDetectives vital information to identify potential #COVID19 cases. The app detected 20 cases in Leticia allowing 7 FETP residents &amp; graduates to rapidly respond &amp; prevent further spread of COVID-19.  https://t.co/i28NgUCQvn #FETP40th https://t.co/kjGevWU9Pk,RELEVANT
Amidst ongoing disease outbreaks including #COVID19 CDC values our work with US government colleagues &amp; member countries within @GHSAgenda in strengthening #globalhealthsecurity &amp; helping prevent detect &amp; respond to disease threats worldwide. https://t.co/J9KXbZlGH3,RELEVANT
There‚Äôs still time to register for today‚Äôs webinar on Practical Infection Prevention and Control Considerations in the Fight Against #COVID19! Today‚Äôs webinar focuses on considerations for SARI treatment centers. Starting at 8am EDT. https://t.co/rjPiKYpSHG https://t.co/PWjdCwCTZJ,RELEVANT
Cambodian #DiseaseDetectives from the FETP-Frontline program are using their skills to identify and monitor high-risk contacts to control spread of #COVID19. As of early July Cambodia has reported 156 cases of #COVID19 and no deaths. https://t.co/0cDCA18lMJ#FETP40th https://t.co/AbWCoMSCc6,RELEVANT
Healthcare workers: Join @CDCgov on 7/23 Thursday at 8am EDT for the latest #COVID19 Infection and Prevention Control Global webinar series. This week‚Äôs topic is ‚ÄúConsiderations for SARI treatment centers.‚Äù Register here: https://t.co/rjPiKYpSHG https://t.co/kodk9Jkk4F,RELEVANT
There‚Äôs still time to register for today‚Äôs webinar on Practical Infection Prevention and Control Considerations in the Fight Against #COVID19! Today‚Äôs webinar focuses on use of medical and non-medical masks. Starting at 8am EDT. https://t.co/rjPiKYpSHG https://t.co/Ap2ZYqoHrY,RELEVANT
Healthcare workers: Join @CDCgov on 7/16 Thursday at 8am EDT for the latest #COVID19 Infection and Prevention Control Global webinar series. This week‚Äôs topic is ‚ÄúAdvice on the use of medical and non-medical masks.‚Äù Register here: https://t.co/rjPiKYpSHG https://t.co/X34y8xNKsR,RELEVANT
There‚Äôs still time to register for today‚Äôs webinar on Practical Infection Prevention and Control Considerations in the Fight Against #COVID19! Today‚Äôs webinar focuses on rational use of PPE and emergency strategies. Starting at 8am EDT. https://t.co/rjPiKYpSHG https://t.co/dbJJ4uP8ov,RELEVANT
Today through trusted high-level relationships with the Ministry of Health CDC Vietnam is supporting the country‚Äôs response to #COVID19. Read more about CDC‚Äôs support with surveillance testing and infection prevention and control in Vietnam.https://t.co/HYqcjhPuqk https://t.co/ojx8dYcSiT,RELEVANT
This year‚Äôs #AIDS2020 theme is ‚Äòresilience‚Äô. Now more than ever the resiliency of the #HIV community is apparent fighting for an AIDS-free generation amidst the ongoing coronavirus pandemic. Learn more about the HIV response here:  https://t.co/PoU0cuqBsX https://t.co/GVixSUGn31,RELEVANT
#Maldives and #SriLanka eliminate #measles and rubella ahead of 2023 target. CDC and @MeaslesRubella partners join these nations to celebrate this achievement and honor the lives protected from vaccine preventable diseases! [w/@WHO @UNFoundation @UNICEF @Redcross] https://t.co/1lyQTNDSYV,RELEVANT
Check out the ‚ÄúLive with Leadership‚Äù conversation series at #AIDS2020 featuring Dr. Hank Tomlinson discussing his work as Director of the Division of Global HIV &amp; TB @CDCgov. Join the session today from 2-2:30 PM EST: https://t.co/l9MHZQ2q6s https://t.co/p873STzgqC,RELEVANT
Thanks to investments in global health security and decades of global cooperation to control diseases such as HIV and polio CDC has built a strong foundation upon which to attack the #coronavirus pandemic. Read about CDC‚Äôs global response to #COVID19.https://t.co/3DL7FOupXA https://t.co/5fkybA3CJ0,RELEVANT
Healthcare workers: Join @CDCgov on 7/9 Thursday at 8am EDT for the latest #COVID19 Infection and Prevention Control Global webinar series. This week‚Äôs topic is ‚ÄúRational use of personal protective equipment and emergency strategies.‚Äù Register here: https://t.co/rjPiKYpSHG https://t.co/E7hutvfEAV,RELEVANT
The risk for people w/ #HIV getting very sick with #COVID19 is greatest for those with a low CD4 cell count &amp; not on HIV treatment. Age &amp; other medical conditions can also increase risk. Learn about the steps people w/ #HIV can take to protect themselves: https://t.co/fPj6OqluWN https://t.co/MeQ34OVBDY,RELEVANT
The 23rd International AIDS Conference #AIDS2020 will be held virtually from July 6-10. Join in as the #HIV community comes together to celebrate resiliency and recognize the global progress made in combating the #HIV epidemic. Learn more here: https://t.co/PoU0cuqBsX https://t.co/hswmT8Tpt0,RELEVANT
There‚Äôs still time to register for today‚Äôs webinar on Practical Infection Prevention and Control Considerations in the Fight Against #COVID19! Today‚Äôs webinar focuses on limiting the introduction of COVID-19 in healthcare settings. Starting at 8am EDT. https://t.co/rjPiKYpSHG https://t.co/rjTJhEsjod,RELEVANT
This week marks the 15th anniversary of @PMIgov! Led by @USAID &amp; co-implemented with CDC PMI works with partner countries to #endMalaria worldwide. Congratulations PMI! #15yearsofPMI https://t.co/7ZOUBJRqi5,RELEVANT
As the world responds to #COVID19 it is essential to ensure continuity of care for patients living with #HIV. @CDCgov and @PEPFAR work tirelessly to ensure accessible treatment and care for these patient populations. Learn about HIV and COVID-19: https://t.co/mj2nt1h0y8 https://t.co/6MYuvBY6b0,RELEVANT
Healthcare workers: Join @CDCgov on 7/2 Thursday at 8am EDT for the latest #COVID19 Infection and Prevention Control Global webinar series. This week‚Äôs topic is ‚ÄúLimiting the introduction of COVID-19 in healthcare settings.‚Äù Register here: https://t.co/rjPiKYpSHG https://t.co/7z4Ucvyvu6,RELEVANT
Safe water sanitation and hygiene (#WASH) are essential for providing quality healthcare but many facilities around the world lack these critical services. Learn about CDC‚Äôs role in helping to improve WASH services in resource-limited settings. https://t.co/GSFVD0sshB https://t.co/Hbr1oPyzdG,RELEVANT
There‚Äôs still time to register for today‚Äôs webinar on Practical Infection Prevention and Control Considerations in the Fight Against #COVID19! Today‚Äôs webinar focuses on cleaning and disinfection. Starting at 8am EDT. https://t.co/rjPiKYpSHG https://t.co/ef24K4Ar6R,RELEVANT
The #COVID19 pandemic is impacting the fight for an AIDS-free generation. @CDCgov and @PEPFAR remain dedicated to both responses working on the frontlines to combat these devastating diseases. Learn more: https://t.co/mj2nt1h0y8 https://t.co/dfhLCp5jjg,RELEVANT
Clinicians: Earn free CME credits and learn more about how Chagas disease affects patients in the United States through Project ECHO. The FINAL session is tomorrow June 24th. Click to register: https://t.co/mGC73QRE2W @uthealthsa https://t.co/phTlfNs5nP,RELEVANT
In the tweet above the link to our Saudi Arabia FETP story is broken but you can find it here: https://t.co/4MVCUxsT1O,RELEVANT
Using her expertise in outbreak response Joanna Gaines CDC Country Director in Saudi Arabia has been leading #DiseaseDetectives to reach those most at risk for #COVID19. Learn why she finds the work so rewarding. #FETP40thhttps://t.co/4MVCUxsT1O https://t.co/5mrh5jcQY5,RELEVANT
Refugees face unique challenges upon resettlement in the US including a higher risk of contracting #COVID19. Learn more about available resources on COVID-19 prevention symptoms and management this #WorldRefugeeDay.https://t.co/024libBRs0,RELEVANT
Healthcare workers: Join @CDCgov on 6/25 Thursday at 8am EDT for the latest #COVID19 Infection and Prevention Control Global webinar series. This week‚Äôs topic is ‚ÄúCleaning and disinfection in the context of COVID-19.‚Äù Register here: https://t.co/rjPiKYpSHG https://t.co/SxTPVvVH8B,RELEVANT
Using her expertise in outbreak response Joanna Gaines CDC Country Director in Saudi Arabia has been leading #DiseaseDetectives reach those most at risk for #COVID19. Learn why she finds the work so rewarding. #FETP40thhttps://t.co/XHkDe3F8Dn https://t.co/JonysqCgN7,RELEVANT
With the help of CDC-trained #DiseaseDetectives Vietnam was able to act quickly to slow the spread of #COVID19. Learn how these #FETP grads are using their skills and expertise to prevent detect and respond to health threats. #FETP40thhttps://t.co/K0p2dZrLOS https://t.co/mwuJvuZzze,RELEVANT
Learn how #DiseaseDetectives in Kenya have been an integral part of the country‚Äôs #COVID19 response helping the government prepare before the first case was even identified. #FETP40thhttps://t.co/yxscEoer7p https://t.co/5is0wtwuYf,RELEVANT
There‚Äôs still time to register for today‚Äôs webinar on Practical Infection Prevention and Control Considerations in the Fight Against #COVID19! Today‚Äôs webinar focuses on post-mortem considerations. Starting at 8am EDT. https://t.co/rjPiKYpSHG https://t.co/sDy2D4xxuL,RELEVANT
18 of 29 countries that postponed vaccination campaigns are currently experiencing measles outbreaks. CDC‚Äôs Dr. Cochi and immunization partners updated the @nytimes on the impact of #COVID19 on national and global efforts to prevent and respond to vaccine preventable diseases. https://t.co/E8U26qZxGn,RELEVANT
‚ÄúFETP Is really one of the most exciting programs we have.‚Äù ‚Äì Director CDC Central America Region Learn about the flagship CDC-supported training program that has graduated more than 18000 #DiseaseDetectives.  #FETP40thhttps://t.co/V2h2blHJ1X https://t.co/1YBWpAwOWE,RELEVANT
.@PEPFAR‚Äôs work to prevent and treat #HIV remains a public health priority for @CDCgov even during the #COVID19 outbreak. Check out these guidelines for addressing #HIV amidst #COVID19. https://t.co/mj2nt1h0y8 https://t.co/5jExL2zKuX,RELEVANT
Once people start traveling again the risk of transmission will surge. ‚ÄúIt keeps me up at night‚Äù CDC‚Äôs Dr. Cochi in @nytimes about growing immunity gaps for measles polio &amp; other vaccine-preventable diseases as countries pause vaccination campaigns to mitigate #COVID19 spread https://t.co/zympPegaPU,RELEVANT
Ethiopia‚Äôs #FETP has become an invaluable part of the country‚Äôs public health infrastructure and David hopes to expand it even further. ‚ÄúWorking with FETP residents has entirely changed my outlook on public health and training‚Äù David said.  https://t.co/tvInU7b5SC https://t.co/s4wZ7Rfxz8,RELEVANT
Since 2018 David has worked with Ethiopia‚Äôs #FETP program one of the largest in Africa. Mentoring and supervising more than 600 residents he is an integral part of training #DiseaseDetectives who play critical roles in many outbreak responses including #COVID19. https://t.co/FfclUHNuKm,RELEVANT
Today CDC kicks off the #FETP40th Anniversary by sharing the story of a dedicated #DiseaseDetective David Sugerman and how he has used his skills and training to lead and support FETPs around the world. https://t.co/qoJtZKBjWS,RELEVANT
Healthcare workers: Join @CDCgov on 6/18 Thursday at 8am EDT for the latest #COVID19 Infection and Prevention Control Global webinar series. This week‚Äôs topic is ‚ÄúPost-mortem considerations in the context of COVID-19.‚Äù Register here:https://t.co/rjPiKYpSHG https://t.co/NlX9mqZKWN,RELEVANT
Since people who are infected but do not have symptoms may spread #COVID19 it is important that everyone practice physical distancing even when you have no symptoms. Learn more: https://t.co/kZrpyzT4bB https://t.co/yMGQuWJIu3,RELEVANT
#Handwashing can prevent 1 in 5 respiratory infections and 1 in 3 diarrhea-related sicknesses. Follow these 6 steps when washing your hands to help prevent #COVID19. https://t.co/Isikbla66f https://t.co/tcKLjC9ayC,RELEVANT
Over 2000 polio response experts from @WHO @UNICEF @Rotary and CDC‚Äôs STOP Transmission of Polio program are supporting COVID-19 efforts in the African Region. Read in @TodayNewsAfrica https://t.co/bBXelQtTVh,RELEVANT
There‚Äôs still time to register for today‚Äôs webinar on Practical Infection Prevention and Control Considerations in the Fight Against #COVID19! Today‚Äôs webinar focuses on assessing SARS-CoV-2 infection among healthcare workers and inpatients. Register here: https://t.co/rjPiKYpSHG https://t.co/wdZ0g0V95q,RELEVANT
Healthcare workers: Join @CDCgov on 6/11 Thursday at 8am EDT for the latest #COVID19 Infection &amp; Prevention Control Global webinar series. This week‚Äôs topic is ‚ÄúIdentification of SARS-CoV-2 infection among healthcare workers and inpatients.‚Äù Register here: https://t.co/rjPiKYpSHG https://t.co/q9WM50tF6k,RELEVANT
If you are feeling stressed or anxious about #COVID19 talk to people you trust about your concerns and feelings. Staying connected can help reduce your stress. https://t.co/9bXW9jj1Xl https://t.co/KWMw638bA2,RELEVANT
Healthcare providers: Violence against women increases during every type of emergency including epidemics like COVID-19.  To save a life screen all patients for signs &amp; symptoms of violence and link survivors to safe and available resources. https://t.co/GIp2VUt0LD,RELEVANT
Frequent #handwashing with soap and water can help prevent the spread of #COVID19. Wash your hands after you have been in a public place or after blowing your nose coughing or sneezing.https://t.co/Isikbla66f https://t.co/B4YkLCwH1g,RELEVANT
#Handwashing saves lives. Follow these 6 steps when washing your hands to prevent #COVID19. Wash your hands often especially after you have been in a public place or after blowing your nose coughing or sneezing. https://t.co/Isikbla66f https://t.co/t6GiQWBhZs,RELEVANT
The risk for people w/ #HIV getting very sick with #COVID19 is greatest for those with a low CD4 cell count &amp; not on HIV treatment. Age &amp; other medical conditions can also increase risk. Learn about the steps people w/ #HIV can take to protect themselves: https://t.co/1ScKdOAhev https://t.co/GSUc3CFWkf,RELEVANT
Last week marked PEPFAR‚Äôs 17th Anniversary ‚Äì with @PEPFAR support @CDCgov remains committed to expanding key populations‚Äô access to quality stigma-free lifesaving #HIV prevention and treatment services. Learn more about this work here: https://t.co/3lmqMdGffe https://t.co/IsPNcIO3kq,RELEVANT
There‚Äôs still time to register for today‚Äôs webinar on Practical Infection Prevention and Control Considerations in the Fight Against #COVID19! Today‚Äôs webinar focuses on #WASH in healthcare settings. Starting at 8am EDT. https://t.co/rjPiKYpSHG https://t.co/Gssc2NHxAj,RELEVANT
Healthcare workers: Join @CDCgov on 6/4 Thursday at 8am EDT for the latest #COVID19 Infection and Prevention Control Global webinar series. This week‚Äôs topic is ‚ÄúWASH in healthcare settings in the context of COVID-19.‚Äù Register here:https://t.co/rjPiKYpSHG https://t.co/JqdDXAleHw,RELEVANT
Today there are 37M people living with #HIV in the world. @PEPFAR with key implementers like @CDCgov has helped save more than 18M lives. Watch some of their stories: https://t.co/EaqeR0q2lM https://t.co/foCjcFwYTW,RELEVANT
New #WNTD2020 story from @CDCtobaccofree shows young people across the world are using #Ecigarettes. Read how you can protect young people from the dangers of tobacco product use including e-cigarettes: https://t.co/m2Dcgu1TmZ https://t.co/XEaKb7nH8i,RELEVANT
Young people across the world are using #eCigarettes. In honor of #WNTD2020 help educate young people about the dangers of using e-cigarettes. Learn more about what you can do in this new infographic: https://t.co/A1TgnkowDv https://t.co/534T0PsHV6,RELEVANT
@CDCtobaccofree and @AmerAcadPeds work together to prevent tobacco use among young people. Learn how physicians in three countries are protecting young people from tobacco use in this #WNTD2020 video: https://t.co/i6oLe6txq3 https://t.co/fKoj9em9az,RELEVANT
"""Maternal and neonatal tetanus remains a major public health problem in 12 countries globally"" says CDC epidemiologist Dr. Njuguna especially in areas with poor immunization coverage and limited access to health care. Learn more: https://t.co/YP7UMaIXsR",RELEVANT
Progress has been made toward #lymphaticfilariasis elimination in #AmericanSamoa but success will depend on continuing recommended control activities in the territory including mass drug administration (#MDA). https://t.co/ZGkv1ZWB6P https://t.co/D0ZDwmDwsI,RELEVANT
You can help to stop domestic violence and other harmful practices from happening in your community. Promote peace among couples and families during the COVID-19 crisis and help survivors link to post-violence care and service. Guide your community and take action! https://t.co/c49cKSv14y,RELEVANT
#eCigarettes can contain nicotine and other chemicals. Learn more about the risks of e-cigarette use among young people in this new #WNTD2020 infographic: https://t.co/A1TgnkowDv https://t.co/XTZtRSzQlo,RELEVANT
High quality acute flaccid paralysis (AFP) surveillance is key to detecting poliovirus transmission.  A new report discusses 2018-2019 poliovirus surveillance data focusing on 40 outbreak and high-risk priority countries.  https://t.co/itZY0V9XEU #endpolio,RELEVANT
"""People need tetanus vaccine throughout the lifespan"" says CDC epidemiologist Dr. Njuguna.  Despite progress towards eliminating maternal and neonatal tetanus 47 million women and their babies remain unprotected. Read in @GoHealio: https://t.co/YP7UMaIXsR",RELEVANT
Essential immunization services and vaccine campaigns are critical to keeping communities healthy. CDC is working closely with partners and countries to ensure lifesaving vaccines reach and protect children who need them. @nytimes https://t.co/RepP6Mq0LH,RELEVANT
Building laboratory capacity &amp; disease surveillance is integral for #globalhealthsecurity. CDC continues to collaborate with @PAHOWHO ministries of health and partners to address health threats in the Central America region including #COVID19. https://t.co/cgWSM9vQ5j https://t.co/qjS1Z8Ncug,RELEVANT
CDC is working closely with partners and countries to help assess risks forvaccine-preventable disease outbreaks and to safely reach missed children withlifesaving vaccines. https://t.co/OauKyvCRHw,RELEVANT
Since people who are infected but do not have symptoms may spread #COVID19 it is important that everyone practice physical distancing even when you have no symptoms. Learn more: https://t.co/kZrpyzT4bB https://t.co/hSIDCYwyKH,RELEVANT
Sexual violence affects almost 25% of women globally. Watch as a panel of experts share their experiences in #HIV and gender-based violence prevention and response. Learn more here: https://t.co/yQkpoGhTmj #DREAMS https://t.co/h5V3SLOVmU,RELEVANT
Clinicians: Earn free CE credit with the ‚ÄúMalaria 101 for the Healthcare Provider‚Äù web-based course! This training teaches healthcare professionals the epidemiology prevention diagnosis and treatment of malaria. https://t.co/u836F0nXaC https://t.co/Lvg4QlxiEd,RELEVANT
Caring for your mental health is important. Find ways you and your family can reduce stress during #COVID19. https://t.co/9bXW9jADlV https://t.co/sJnM5ZRz0r,RELEVANT
